{
  "title": "covidDefence",
  "packageName": "",
  "startScene": "0c500a0d-93ef-46c7-91c3-add86cd992ea",
  "excludeScenes": [],
  "includeSDKBox": false,
  "orientation": {
    "landscapeLeft": true,
    "landscapeRight": true,
    "portrait": false,
    "upsideDown": false
  },
  "webOrientation": "auto",
  "inlineSpriteFrames": true,
  "inlineSpriteFrames_native": false,
  "mergeStartScene": true,
  "optimizeHotUpdate": false,
  "md5Cache": true,
  "encryptJs": true,
  "xxteaKey": "adfbaa5f-83d1-45",
  "zipCompressJs": true,
  "fb-instant-games": {},
  "android": {
    "packageName": "org.aesu.covid"
  },
  "ios": {
    "packageName": ""
  },
  "mac": {
    "packageName": ""
  },
  "win32": {},
  "android-instant": {
    "REMOTE_SERVER_ROOT": "",
    "host": "",
    "packageName": "",
    "pathPattern": "",
    "recordPath": "",
    "scheme": "https",
    "skipRecord": false
  },
  "appBundle": false
}
